country,1961,1962,1963,1964,1965,1966,1967,1968,1969,1970,1971,1972,1973,1974,1975,1976,1977,1978,1979,1980,1981,1982,1983,1984,1985,1986,1987,1988,1989,1990,1991,1992,1993,1994,1995,1996,1997,1998,1999,2000,2001,2002,2003,2004,2005,2006,2007,2008,2009,2010,2011,2012,2013,2014,2015,2016,2017,2018,2019
Afghanistan,,,,,,,,,,,,,,,,,,,,,,,,,,,,,,,,,,,,,,,,,,,8.83,1.41,11.2,5.36,13.8,3.92,21.4,14.4,0.426,12.8,5.6,2.72,1.45,2.26,2.67,1.84,2.9
Albania,,,,,,,,,,,,,,,,,,,,,5.75,2.95,1.1,-1.25,1.78,5.64,-0.788,-1.42,9.84,-9.58,-28,-7.19,9.56,8.3,13.3,9.1,-10.9,8.83,12.9,6.95,8.29,4.54,5.53,5.51,5.53,5.9,5.98,7.5,3.35,3.71,2.55,1.42,1,1.77,2.22,3.31,3.8,4.07,2.21
Algeria,-13.6,-19.7,34.3,5.84,6.21,-4.8,9.45,10.8,8.43,8.86,-11.3,27.4,3.81,7.49,5.05,8.39,5.26,9.21,7.48,0.791,3,6.4,5.4,5.6,3.7,0.4,-0.7,-1,4.4,0.8,-1.2,1.8,-2.1,-0.9,3.8,4.1,1.1,5.1,3.2,3.8,3,5.6,7.2,4.3,5.9,1.7,3.4,2.4,1.6,3.6,2.9,3.4,2.8,3.8,3.7,3.2,1.3,1.4,0.8
Andorra,,,,,,,,,,,4.65,8.15,7.79,5.62,0.542,3.3,2.84,1.46,0.0416,2.21,-0.132,1.25,1.77,1.78,2.32,3.25,5.55,5.09,4.83,3.78,2.55,0.929,-1.03,2.38,2.76,4.65,9.07,3.19,4.1,3.53,8.12,4.55,8.69,8.14,5.4,4.81,1.55,-5.56,-5.3,-1.97,-0.00807,-4.97,-3.55,2.5,1.43,3.71,0.346,1.59,1.85
Angola,,,,,,,,,,,,,,,,,,,,,-4.4,0,4.2,6,3.5,2.9,4.08,6.13,0.0416,-3.45,0.991,-5.84,-24,1.34,15,13.5,7.27,4.69,2.18,3.05,4.21,13.7,2.99,11,15,11.5,14,11.2,0.859,4.86,3.47,8.54,4.95,4.82,0.944,-2.58,-0.147,-2,-0.869
Antigua and Barbuda,,,,,,,,,,,,,,,,,,4.38,8.08,8.16,3.81,-0.084,5.36,10.2,7.64,11.5,6.63,5.21,5.25,3.01,2.18,1.16,5.28,6.68,-4.36,6.6,5.47,4.73,3.71,6.69,-4.95,1.02,6.06,5.74,6.41,12.7,9.26,-0.0301,-12.1,-7.57,-1.96,3.37,-0.601,3.8,3.83,5.5,3.15,7.39,4.65
Argentina,5.43,-0.852,-5.31,10.1,10.6,-0.66,3.19,4.82,9.68,3.05,5.66,1.63,2.81,5.53,-0.0284,-2.02,6.93,-4.51,10.2,1.52,-5.19,-0.736,4.35,1.57,-5.19,6.15,2.7,-1.09,-7.16,-2.47,9.13,7.94,8.21,5.84,-2.85,5.53,8.11,3.85,-3.39,-0.789,-4.41,-10.9,8.84,9.03,8.85,8.05,9.01,4.06,-5.92,10.1,6,-1.03,2.41,-2.51,2.73,-2.08,2.67,-2.48,-2.16
Armenia,,,,,,,,,,,,,,,,,,,,,,,,,,,,,,,-11.7,-41.8,-8.8,5.4,6.9,5.87,3.32,7.3,3.3,5.9,9.6,13.2,14,10.5,13.9,13.2,13.7,6.9,-14.1,2.2,4.7,7.2,3.3,3.6,3.2,0.2,7.5,5.2,7.6
Australia,2.49,1.3,6.21,6.98,5.98,2.38,6.3,5.1,7.04,7.17,4,3.91,2.61,4.1,1.35,2.59,3.6,0.897,4.04,3.03,3.34,3.33,-2.22,4.58,5.25,4.04,2.55,5.74,3.86,3.57,-0.397,0.413,4.03,3.98,3.84,3.88,3.97,4.58,5.07,3.93,1.93,4,2.99,4.06,3.2,2.79,3.84,3.66,1.94,2.07,2.46,3.92,2.58,2.53,2.19,2.77,2.37,2.94,1.9
Austria,5.54,2.65,4.14,6.12,3.48,5.64,3.01,4.47,6.28,6.32,5.11,6.21,4.89,3.94,-0.364,4.58,5.08,-0.211,5.36,1.73,-0.144,2.01,2.97,0.0513,2.5,2.3,1.36,3.3,3.89,4.35,3.44,2.09,0.527,2.4,2.67,2.35,2.09,3.58,3.56,3.38,1.27,1.65,0.941,2.74,2.24,3.45,3.73,1.46,-3.76,1.84,2.92,0.68,0.0255,0.661,1.01,2.08,2.48,2.42,1.61
Azerbaijan,,,,,,,,,,,,,,,,,,,,,,,,,,,,,,,-0.7,-22.6,-23.1,-19.7,-11.8,1.3,5.8,10,7.4,11.1,9.9,9.44,10.2,9.25,28,34.5,25.5,10.6,9.37,4.79,-1.57,2.2,5.84,2.8,1.05,-3.06,0.154,1.5,2.22
Bahamas,10.7,10.5,10.5,10.5,10.4,9.07,9.6,8.42,8.98,-5.65,1.63,-3.5,7.57,-16.8,-14.8,5.19,9.15,14.2,26.1,6.5,-9.23,6.7,3.6,14.2,4.83,1.8,2.98,2.31,6.73,-1.6,-4.18,-3.83,0.308,3.15,4.38,4.22,2.06,4.72,7.14,4.15,2.63,2.7,-1.26,0.883,3.4,2.52,1.45,-2.32,-4.18,1.54,0.613,3.09,-2.95,0.737,0.598,0.446,0.0667,1.57,1.8
Bahrain,,,,,,,,,,,,,,,,,,,,,-5.32,-7.56,6.38,5,-4.76,1.18,10.4,7,0.364,4.44,11.2,6.69,12.9,-0.25,3.93,4.11,3.09,4.79,4.3,5.3,2.49,3.35,6.3,6.98,6.77,6.47,8.29,6.25,2.54,4.33,1.98,3.73,5.42,4.35,2.86,3.47,3.81,1.96,1.82
Bangladesh,6.06,5.45,-0.456,11,1.61,2.57,-1.88,9.49,1.22,5.62,-5.48,-14,3.33,9.59,-4.09,5.66,2.67,7.07,4.8,0.819,7.23,2.13,3.88,4.8,3.34,4.17,3.77,2.42,2.84,5.62,3.49,5.44,4.71,3.89,5.12,4.52,4.49,5.18,4.67,5.29,5.08,3.83,4.74,5.24,6.54,6.67,7.06,6.01,5.05,5.57,6.46,6.52,6.01,6.06,6.55,7.11,7.28,7.86,8.15
Barbados,,,,,,,,,,,,,,,-1.9,4.36,3.64,4.88,7.89,4.37,-1.9,-4.9,0.501,3.6,1.1,5.1,2.59,3.51,3.6,-3.31,-3.9,-5.69,0.793,2.01,2.01,3.98,4.74,3.73,0.335,4.45,-2.37,0.787,2.18,1.41,3.96,5.9,2.2,0.701,-5.08,-2.29,-0.673,-0.456,-1.41,-0.125,2.45,2.48,0.475,-0.58,-0.0961
Belarus,,,,,,,,,,,,,,,,,,,,,,,,,,,,,,,-1.2,-9.6,-7.6,-11.7,-10.4,2.8,11.4,8.4,3.4,5.8,4.73,5.05,7.04,11.4,9.4,10,8.6,10.2,0.2,7.8,5.38,1.69,1,1.73,-3.83,-2.53,2.53,3.15,1.22
Belgium,4.98,5.21,4.35,6.96,3.56,3.16,3.87,4.19,6.63,5.59,3.99,5.3,6.38,4.57,-1.97,5.65,0.626,2.84,2.34,4.44,-0.279,0.595,0.312,2.47,1.65,1.82,2.31,4.72,3.47,3.14,1.83,1.53,-0.962,3.23,2.38,1.32,3.79,1.96,3.54,3.72,1.1,1.71,1.04,3.57,2.32,2.55,3.68,0.447,-2.02,2.86,1.69,0.739,0.459,1.58,2.03,1.48,1.9,1.49,1.4
Belize,4.89,4.89,4.96,5,4.93,4.77,4.91,7.37,5.11,4.81,3.96,10.2,5.35,13.6,3.59,-0.034,6.5,7.92,7.52,13.4,1.13,-0.108,-2.14,1.97,1.01,4.54,10.7,9.79,13,11.4,11.5,12.1,6.28,0.158,0.644,1.43,3.54,3.74,8.78,13,4.68,4.74,9.33,4.79,1.94,4.82,0.506,3.49,0.22,3,1.92,2.42,1.3,3.64,2.85,0.0851,1.87,2.09,0.267
Benin,3.14,-3.43,4.73,6.65,5.29,3.58,1.08,3.84,2.88,2.1,-1.5,6.43,3.71,3.34,-4.9,0.884,4.98,1.26,6.54,6.78,9.95,2.24,-4.35,7.93,7.53,2.17,-1.5,3.41,-2.85,8.98,4.23,2.96,5.84,2.02,6.05,4.32,5.73,3.96,5.34,5.86,5.33,4.64,3.44,4.43,1.71,3.94,5.99,4.9,2.32,2.11,2.96,4.81,7.19,6.36,1.78,3.34,5.67,6.7,6.87
Bhutan,,,,,,,,,,,,,,,,,,,,,13.9,3.41,11.3,4.48,4.21,11.7,28.7,4.99,7.43,10.9,-0.408,4.6,1.99,4.95,7.07,5.57,5.37,5.91,7.98,6.93,8.35,11,7.82,6.01,7.29,7,18.4,4.8,6.75,11.9,7.98,5.12,2.12,5.78,6.64,8.13,4.65,3.03,
Bolivia,2.09,5.58,6.8,3.96,4.91,7.17,6.32,8.53,4.47,5.23,5.06,7.97,5.74,2.94,7.31,4.61,4.97,2.05,0.133,-1.37,0.276,-3.94,-4.04,-0.201,-1.68,-2.57,2.46,2.91,3.79,4.64,5.27,1.65,4.27,4.67,4.68,4.36,4.95,5.03,0.427,2.51,1.68,2.49,2.71,4.17,4.42,4.8,4.56,6.15,3.36,4.13,5.2,5.12,6.8,5.46,4.86,4.26,4.2,4.22,2.22
Bosnia and Herzegovina,,,,,,,,,,,,,,,,,,,,,,,,,,,,,,,,,,,20.8,89,34.4,15.6,9.6,5.5,4.4,5.3,4,6.1,8.76,5.42,5.86,5.43,-3,0.767,0.908,-0.7,2.35,1.15,3.09,3.15,2.12,3.72,2.58
Botswana,6.34,6.67,5.92,6.83,5.81,6.34,5.92,10.6,15.1,17.1,25.8,26.4,21.3,8.8,8.45,10.6,12,14.3,12.1,12,9.06,12.2,13.1,8.55,7.13,8.17,11.9,19.4,13.1,6.77,7.46,2.92,1.92,3.63,7.03,5.83,8.33,0.444,9.67,1.99,0.251,6.07,4.63,2.71,4.56,8.36,8.28,6.25,-7.65,8.56,6.05,4.46,11.3,4.15,-1.7,4.3,2.9,4.48,2.97
Brazil,10.3,5.22,0.875,3.49,3.05,4.15,4.92,11.4,9.74,8.77,11.3,12.1,14,9.04,5.21,9.79,4.61,3.23,6.77,9.11,-4.39,0.58,-3.41,5.27,7.95,7.99,3.6,-0.103,3.28,-3.1,1.51,-0.467,4.67,5.33,4.42,2.21,3.39,0.338,0.468,4.39,1.39,3.05,1.14,5.76,3.2,3.96,6.07,5.09,-0.126,7.53,3.97,1.92,3,0.504,-3.55,-3.28,1.32,1.32,1.14
Brunei,,,,,,,,,,,,,,,0.355,20.2,10.9,6.78,22.6,-7,-19.8,3.96,0.501,0.6,-1.49,-2.72,2.01,1.1,-1.07,1.09,3.15,4.76,0.305,3.15,4.48,2.88,-1.47,-0.559,3.05,2.85,2.74,3.87,2.9,0.504,0.388,4.4,0.155,-1.94,-1.76,2.6,3.75,0.913,-2.13,-2.51,-0.392,-2.48,1.33,0.0522,3.87
Bulgaria,,,,,,,,,,,,,,,,,,,,,4.9,2.33,3.43,3.4,2.68,4.21,6.05,10.9,-3.29,-9.12,-8.45,-7.27,-1.48,1.82,2.86,5.14,-14.2,4.29,-8.28,4.78,3.82,5.95,5.15,6.44,7.15,6.8,6.56,6.09,-3.42,0.57,2.35,0.361,0.319,1.89,3.99,3.81,3.51,3.08,3.37
Burkina Faso,4.04,6.13,-1.27,2.28,3.76,0.538,8.82,3.07,2.03,0.117,1.41,2.31,0.449,8.29,3,8.53,0.37,4.61,3.66,0.797,4.26,9.56,0.346,-1.78,8.52,7.96,-0.236,5.8,2.15,-0.603,9.07,0.233,3.46,1.32,5.72,11,6.32,7.31,7.4,1.89,6.61,4.35,7.8,4.48,8.66,6.25,4.11,5.8,2.96,8.45,6.62,6.45,5.79,4.33,3.91,5.96,6.16,6.82,5.69
Burundi,-13.7,9.06,4.14,6.27,3.97,4.61,13.8,-0.298,-1.46,21.3,2.75,-6.4,6.89,-0.727,0.698,7.94,11.5,-0.941,1.66,0.991,12.2,-1.05,3.72,0.156,11.8,3.25,5.5,5.03,1.35,3.5,5,1.01,-6.24,-3.83,-7.92,-8,-1.59,4.75,-1.01,-0.857,2.06,4.45,-1.22,4.83,0.9,5.41,3.45,4.86,3.81,5.12,4.03,4.45,4.92,4.24,-3.9,-0.6,0.5,1.61,1.84
Cambodia,,,,,,,,,,,,,,,,,,,,,,,,,,,,,,,,,,-34.8,9.9,5.9,4.01,4.68,12.7,10.7,7.45,6.58,8.51,10.3,13.3,10.8,10.2,6.69,0.0867,5.96,7.07,7.31,7.36,7.14,7.04,7.03,6.83,7.47,7.05
Cameroon,1.18,3.04,3.74,3.55,2.03,4.61,-10.9,6.35,4.9,3.09,3.48,2.67,5.36,10.7,11.2,-5.5,13.7,22,6.04,-1.97,17.1,7.52,6.87,7.47,8.06,6.77,-2.15,-7.82,-1.82,-6.11,-3.81,-3.1,-7.93,2.12,3.47,4.36,5.23,4.5,4.29,3.55,4.37,4.24,4.57,6.78,2.02,3.46,4.9,3.49,2.2,3.42,4.13,4.54,5.4,5.88,5.65,4.65,3.55,4.06,4.02
Canada,3.16,7.43,5.35,6.64,6.32,6.7,3.09,5,5.05,3.23,3.97,5.51,6.84,3.28,1.46,5.88,3.44,3.68,3.71,2.16,3.47,-3.19,2.6,5.91,4.74,2.14,4.07,4.41,2.32,0.165,-2.09,0.9,2.66,4.49,2.69,1.62,4.28,2.8,3.97,4.92,1.41,3.42,3.81,3.91,5,4.17,6.87,1.01,-2.93,3.09,3.15,1.76,2.33,2.87,0.659,1,3.17,2.01,1.66
Cape Verde,,,,,,,,,,,,,,,,,,,,,8.45,2.83,9.52,3.78,8.64,2.87,4.31,6,5.7,0.692,1.4,10.9,8.71,19.2,14.2,11.3,11.1,12.5,11.2,14.3,2.23,5.25,4.18,10.2,6.91,7.98,15.2,6.65,-1.27,1.47,3.97,1.08,0.803,0.611,1.01,4.71,3.7,4.53,5.67
Central African Republic,4.95,-3.71,-0.707,2.08,0.948,0.645,4.68,1.4,7.09,2.33,1.13,-0.00087,1.89,6.34,0.405,5.43,3.81,1.21,-2.47,-4.48,-1.54,7.72,-8.13,9.48,3.93,3.58,-4.94,1.71,1.98,-2.15,-0.553,-6.42,0.335,4.9,7.2,-4,5.3,4.7,3.6,-2.49,4.46,3.62,-5.4,5.99,0.908,4.77,4.61,2.05,8.59,4.63,4.19,5.05,-36.4,0.0811,4.34,4.75,4.53,3.79,2.97
Chad,1.4,5.36,-1.6,-2.51,0.606,-1.81,0.767,-0.457,6.88,1.86,-2.25,1.15,-8.38,4.96,9.01,2.98,2.23,-0.47,-21.4,-6.05,1.04,5.35,15.7,2.05,21.8,-4.08,-2.39,15.5,4.88,-4.18,8.54,8,-15.7,10.1,1.24,2.21,5.65,6.95,-0.683,-0.88,11.7,8.49,14.7,33.6,17.3,0.648,3.27,3.05,4.22,13.6,0.0829,8.88,5.7,6.9,2.77,-6.26,-2.99,2.37,3.25
Chile,5.25,4.03,5.84,2.56,0.95,11.2,3.62,3.59,3.94,1.83,9.42,-1.02,-5.03,2.38,-12.9,3.83,10.4,7.7,8.42,7.99,6.53,-11,-5.02,4.1,4.01,5.38,6.46,7.35,9.92,3.33,7.8,11.2,6.59,5.03,8.93,6.8,7.43,4.32,-0.412,5.33,3.3,3.11,4.09,7.21,5.74,6.32,4.91,3.53,-1.56,5.84,6.11,5.32,4.04,1.77,2.3,1.71,1.19,3.95,1.05
China,-27.3,-5.58,10.3,18.2,16.9,10.7,-5.77,-4.1,16.9,19.3,7.06,3.81,7.76,2.31,8.72,-1.57,7.57,11.3,7.6,7.81,5.17,8.93,10.8,15.1,13.4,8.94,11.7,11.2,4.19,3.91,9.29,14.2,13.9,13.1,10.9,9.93,9.23,7.84,7.67,8.49,8.34,9.13,10,10.1,11.4,12.7,14.2,9.65,9.4,10.6,9.55,7.86,7.77,7.42,7.04,6.85,6.95,6.75,6.11
Colombia,5.09,5.41,3.29,6.17,3.6,5.24,4.13,5.93,6.1,6.21,5.96,7.67,6.72,5.75,2.32,4.73,4.16,8.47,5.38,4.09,2.28,0.948,1.57,3.35,3.11,5.82,5.37,4.06,3.41,4.28,2,4.04,5.39,5.81,5.2,2.06,3.43,0.57,-4.2,2.92,1.68,2.5,3.92,5.33,4.83,6.72,6.74,3.28,1.14,4.49,6.95,3.91,5.13,4.5,2.96,2.09,1.36,2.52,3.32
Comoros,,,,,,,,,,,,,,,,,,,,,3.86,6.38,4.82,4.11,2.28,1.87,1.64,2.69,-3.18,5.09,-5.4,8.53,3.01,-5.28,3.61,-1.29,4.03,1.28,1.92,10.8,2.33,2.32,2.1,1.92,2.84,2.65,0.8,4,3.2,3.8,4.1,3.2,4.5,2.1,1.12,3.32,3.82,3.43,2.72
"Congo, Dem. Rep.",-10.9,21.2,5.21,-2.44,0.997,6.78,-0.986,4.33,9.33,-0.245,6.01,0.151,8.14,3.13,-4.98,-5.31,0.761,-5.35,0.43,2.19,2.35,-0.458,1.41,5.54,0.468,4.72,2.68,0.47,-1.27,-6.57,-8.42,-10.5,-13.5,-3.9,0.7,-1.02,-5.62,-1.62,-4.27,-6.91,-2.1,2.95,5.58,6.74,6.14,5.32,6.26,6.23,2.86,7.11,6.87,7.09,8.48,9.47,6.92,2.4,3.73,5.82,4.38
"Congo, Rep.",8.35,5.2,-4.03,3.82,3.68,1.36,2.12,7.63,7.55,6.36,7.75,8.62,8.23,7.89,7.73,0.916,-8.95,6.36,9.81,17.6,17.6,23.6,5.85,6.98,-1.19,-6.86,0.189,1.77,2.6,1,2.4,2.61,-0.98,-5.49,3.99,4.29,-0.625,3.74,-2.58,7.58,3.8,4.58,0.813,3.48,7.76,6.24,-1.58,5.57,7.47,8.75,3.42,3.8,3.44,6.78,2.65,-2.8,-1.8,1.6,-0.9
Costa Rica,1.88,5.44,6.9,3.66,8.19,6.97,5.65,8.47,5.49,7.5,6.78,8.18,7.71,5.54,2.1,5.52,8.9,6.27,4.94,0.752,-2.26,-7.29,2.86,8.02,0.722,5.54,4.76,3.43,5.67,3.55,2.27,9.2,7.09,4.49,4.12,1.24,5.56,6.96,3.94,3.83,3.49,3.29,4.26,4.34,3.87,7.24,8.17,4.65,-0.971,4.95,4.31,4.8,2.27,3.52,3.63,4.25,3.86,2.66,2.08
Cote d'Ivoire,9.93,1.23,14.5,17.6,-3.11,11.6,4.6,12.5,9.54,10.4,9.46,4.24,5.94,4.33,8.25,12.9,7.31,10.9,2.39,-11,3.5,0.201,-3.9,-2.7,4.5,3.26,-0.349,1.14,2.95,-1.1,0.0409,-0.245,-0.192,0.811,7.13,7.73,3.74,4.93,1.62,-2.07,0.121,-1.67,-1.36,1.23,1.72,1.52,1.77,2.54,3.25,2.02,-4.39,10.7,8.89,8.79,8.84,7.18,7.36,6.79,6.85
Croatia,,,,,,,,,,,,,,,,,,,,,,,,,,,,,,,,,,,,5.83,6.75,2,-0.818,3.28,3.35,5.12,5.64,4.16,4.31,5,5.27,1.76,-7.36,-1.5,-0.31,-2.24,-0.549,-0.104,2.44,3.48,3.14,2.69,2.94
Cuba,,,,,,,,,,,8.58,4.83,3.43,0.984,9.48,5.43,8.71,6.6,1.09,-4.85,19.7,8.92,5.41,7.93,1.6,0.0953,-2.4,3.71,0.68,-2.95,-10.7,-11.6,-14.9,0.717,2.46,7.84,2.78,0.159,6.19,5.91,3.19,1.42,3.79,5.77,11.2,12.1,7.26,4.12,1.45,2.39,2.8,3.01,2.75,1.05,4.44,0.514,1.81,2.25,
Cyprus,,,,,,,,,,,,,,,,20.3,16.4,7.78,9.91,5.75,2.52,6.02,5.58,8.76,4.88,3.7,7.07,8.65,7.95,7.4,0.74,9.4,0.7,5.9,8.36,1.25,2.64,6.11,5,5.97,3.95,3.72,2.62,5.03,4.85,4.71,5.1,3.65,-2.02,2.01,0.401,-3.45,-6.55,-1.86,3.37,6.75,4.36,4.06,3.23
Czech Republic,,,,,,,,,,,,,,,,,,,,,,,,,,,,,,,-11.6,-0.507,0.0619,2.91,6.22,4.22,-0.595,-0.329,1.43,4.27,2.91,1.65,3.6,4.91,6.53,6.85,5.6,2.68,-4.8,2.27,1.78,-0.8,-0.484,2.72,5.31,2.45,4.35,2.85,2.57
Denmark,6.38,5.67,0.637,9.27,4.56,2.74,5.53,5.55,6.51,1.6,3,3.93,4.09,-1.12,-1.46,5.92,1.87,2.23,3.87,-0.483,-0.666,3.68,2.6,4.17,4,4.9,0.254,-0.0136,0.645,1.48,1.39,1.96,0.0107,5.33,3.03,2.9,3.26,2.22,2.95,3.75,0.823,0.466,0.39,2.67,2.34,3.91,0.909,-0.512,-4.91,1.87,1.34,0.227,0.933,1.62,2.34,3.25,2.04,2.39,2.37
Djibouti,,,,,,,,,,,,,,,,,,,,,,,,,,,,,,,,,,,,,,,,,,,,,,,,,,,,,,7.06,7.7,6.65,5.4,8.41,7.47
Dominica,,,,,,,,,,,,,,,,,,10.5,-18.4,13.4,10.8,4.13,2.56,4.2,1.42,7.07,6.31,7.82,-0.191,5.42,1.35,2.03,2.16,0.034,3.03,3.1,2.19,3.77,0.355,2.34,-0.0628,-2.83,6.35,3.05,0.656,4.66,6.35,7.12,-1.17,0.673,-0.224,-1.06,-1,4.45,-2.69,2.56,-6.8,2.26,5.66
Dominican Republic,-2.31,17,6.5,6.76,-12.5,13.5,3.33,0.239,10.9,18.2,10.9,10.4,12.9,6,5.19,6.73,4.98,2.14,4.53,7.97,4.28,1.7,4.63,1.25,-2.12,3.52,10.1,2.16,4.4,-5.45,0.944,11.2,7.36,2.6,5.69,5.98,8.89,6.71,5.94,4.66,2.46,4.5,-1.35,2.57,9.43,9.17,7.42,3.21,0.946,8.34,3.13,2.72,4.88,7.05,6.93,6.66,4.67,6.98,5.09
Ecuador,5.12,4.92,2.11,7.41,3.28,-0.34,4.62,1.91,4.67,6.87,6.29,5.02,14,11.2,11,7.4,1.6,5.71,3.73,3.71,5.61,0.615,-0.337,2.63,3.94,3.46,-0.259,5.89,1.01,3.68,4.29,2.11,1.97,4.26,2.25,1.73,4.33,3.27,-4.74,1.09,4.02,4.1,2.72,8.21,5.29,4.4,2.19,6.36,0.566,3.53,7.87,5.64,4.95,3.79,0.0989,-1.23,2.37,1.29,0.0537
Egypt,5.16,3.88,10.5,11.5,4.91,5.05,0.805,-1.61,5.28,5.6,4.06,3.06,3.51,1.56,8.94,13.3,9,8.63,4.55,10,7.35,9.91,5.09,9.75,5.79,4.74,3.83,5.46,4.92,5.67,1.13,4.47,2.9,3.97,4.64,4.99,5.49,5.58,6.05,6.37,3.54,2.39,3.19,4.09,4.47,6.84,7.09,7.16,4.67,5.15,1.76,2.23,2.19,2.92,4.37,4.35,4.18,5.31,5.56
El Salvador,,,,,,7.16,5.44,3.24,3.49,2.98,3.86,6.12,4.86,5.34,2.92,5.05,6.78,5.32,-4.18,-11.8,-10.5,-6.31,1.54,1.34,0.617,0.189,2.51,1.88,0.962,4.83,1.49,7.02,5.82,4.69,4.73,0.818,3.13,2.65,2.16,1.13,0.877,1.58,1.56,0.891,2.71,4.34,1.86,2.57,-2.09,2.1,3.82,2.82,2.23,1.71,2.4,2.55,2.25,2.43,2.38
Equatorial Guinea,,,,,,,,,,,,,,,,,,,,,5.77,2.2,5,1.01,12.9,-2.33,4.44,2.66,-1.23,-1.76,-1.02,34.7,11,16.7,17.5,66.6,150,23.8,25.7,18.2,63.4,19.5,14,38,16.7,7.7,15.3,17.8,1.34,-8.92,6.52,8.31,-4.13,0.415,-9.11,-8.82,-5.67,-6.36,-5.58
Eritrea,,,,,,,,,,,,,,,,,,,,,,,,,,,,,,,,,13.5,21.2,2.86,9.26,7.91,1.77,0.0135,-3.14,8.76,3.01,-2.66,1.45,2.57,-0.969,1.43,-9.78,3.88,2.19,8.68,,,,,,,,
Estonia,,,,,,,,,,,,,,,,,,,,,,,,,,,,,,,,,,-1.64,4.53,4.94,13,4.33,-0.403,10.1,5.98,6.8,7.57,6.77,9.49,9.72,7.57,-5.09,-14.4,2.69,7.44,3.12,1.35,2.99,1.84,2.63,5.75,4.76,4.33
Ethiopia,,,,,,,,,,,,,,,,,,,,,,0.916,8.24,-2.85,-11.1,9.66,13.9,0.504,-0.361,2.73,-7.14,-8.67,13.1,3.19,6.13,12.4,3.13,-3.46,5.16,6.07,8.3,1.51,-2.16,13.6,11.8,10.8,11.5,10.8,8.8,12.6,11.2,8.65,10.6,10.3,10.4,9.43,9.56,6.82,8.28
Fiji,3.52,3.61,6.36,4.88,-2.7,0,13.4,7.92,2.6,12.7,6.89,7.49,11.6,2.6,0.53,2.74,5.9,1.86,12.2,-1.6,6.33,-5.98,-3.96,8.39,-4.61,7.75,-6.62,0.956,7.44,5.8,-2.7,6.1,2.13,5.1,2.5,4.8,-2.2,1.3,8.8,-1.7,2,3.2,1,5.3,0.7,1.85,-0.851,1.03,-1.39,2.95,2.71,1.41,4.73,5.6,4.66,2.51,5.43,3.53,1.06
Finland,7.6,2.98,3.29,5.24,5.3,2.37,2.17,2.3,9.59,4.81,2.36,7.74,6.98,3.24,1.8,0.344,0.24,2.92,7.12,5.39,1.32,3.11,3.12,3.24,3.55,2.76,3.57,5.22,5.09,0.671,-5.89,-3.29,-0.661,3.96,4.22,3.67,6.33,5.46,4.38,5.77,2.61,1.71,2,3.99,2.78,4.03,5.3,0.784,-8.07,3.19,2.55,-1.4,-0.902,-0.365,0.544,2.71,3.1,1.63,0.98
France,4.98,6.84,6.23,6.65,4.86,5.25,4.92,4.49,7.11,6.11,5.32,4.51,6.34,4.3,-0.96,4.36,3.46,3.98,3.55,1.58,1.07,2.51,1.24,1.51,1.62,2.34,2.56,4.74,4.34,2.92,1.05,1.6,-0.629,2.36,2.11,1.41,2.34,3.59,3.42,3.92,1.98,1.14,0.823,2.83,1.66,2.45,2.42,0.255,-2.87,1.95,2.19,0.313,0.576,0.956,1.11,1.1,2.29,1.79,1.51
Gabon,14.8,7.45,6.09,4.55,8.33,4.51,4.12,2.51,8.08,8.68,10.3,11.3,10.2,39.5,19.2,35.6,-12.6,-24,0.474,2.55,5.1,-3.1,5.61,7.51,-2.33,-0.804,-17.1,12.8,8.55,5.19,6.11,-3.09,3.95,3.71,4.97,3.63,5.74,3.48,-8.93,-1.88,2.14,-0.249,2.25,0.69,2.68,-2.81,6.01,-3.31,0.13,7.09,7.09,5.25,5.64,4.31,3.88,2.09,0.48,0.836,3.39
Gambia,,,,,,,0,9.58,2.44,6.15,-0.0659,0.242,9.25,5.88,12.4,7.35,3.44,6.32,-1.33,6.27,3.32,-0.765,10.9,3.54,-0.812,4.09,2.45,4.48,5.9,3.56,3.11,3.38,3.01,0.154,0.882,2.22,4.9,3.5,6.4,5.5,5.8,-3.25,6.87,7.05,-2.35,-0.556,3.04,6.26,6.67,5.91,-8.13,5.24,2.87,-1.41,4.06,1.94,4.82,6.55,5.98
Georgia,,,,,,7.54,6.25,4.46,4.78,12.1,2.47,2.84,6.48,8.81,7.38,6.1,6.9,7.43,7.37,4.58,5.27,2,4.3,5.43,4.94,-8.18,1.28,5.56,-7.2,-14.8,-21.1,-44.9,-29.3,-10.4,2.6,11.2,10.5,3.1,2.87,1.84,4.81,5.47,11.1,5.79,9.59,9.42,12.6,2.42,-3.65,6.25,7.4,6.37,3.62,4.43,3.02,2.91,4.84,4.87,5.14
Germany,,,,,,,,,,,3.13,4.3,4.78,0.89,-0.867,4.95,3.35,3.01,4.15,1.41,0.529,-0.395,1.57,2.82,2.33,2.29,1.4,3.71,3.9,5.26,5.11,1.93,-0.979,2.4,1.53,0.821,1.78,2.02,1.89,2.9,1.7,-0.198,-0.714,1.19,0.722,3.81,2.98,0.962,-5.7,4.18,3.92,0.42,0.428,2.23,1.74,2.23,2.47,1.53,0.564
Ghana,3.43,4.11,4.41,2.21,1.37,-4.26,3.08,0.369,6.01,9.72,5.22,-2.49,2.88,6.85,-12.4,-3.53,2.27,8.48,-2.51,0.472,-3.5,-6.92,-4.56,8.65,5.09,5.2,4.79,5.63,5.09,3.33,5.28,3.88,4.85,3.3,4.11,4.6,4.2,4.7,4.4,3.7,4,4.5,5.2,5.6,5.9,6.4,4.35,9.15,4.84,7.9,14,9.29,7.31,2.9,2.18,3.45,8.14,6.26,6.48
Greece,13.2,0.365,11.8,9.41,10.8,6.49,5.67,7.2,11.6,8.93,7.84,10.2,8.09,-6.44,6.37,6.85,2.94,7.25,3.28,0.677,-1.55,-1.13,-1.08,2.01,2.51,0.518,-2.26,4.29,3.8,0,3.1,0.7,-1.6,2,2.1,2.86,4.48,3.89,3.07,3.92,4.13,3.92,5.79,5.06,0.599,5.65,3.27,-0.335,-4.3,-5.48,-9.13,-7.3,-3.24,0.74,-0.438,-0.191,1.51,1.93,1.87
Grenada,,,,,,,,,,,,,,,,,,5.34,5.6,-0.535,1.53,4.12,3.63,3.57,5.98,7.19,9.1,2.97,3.77,4.01,1.39,-0.851,-1.96,1.69,2.13,4.44,5.02,11.8,6.9,4.89,-2.02,3.44,9.46,-0.647,13.3,-3.99,6.12,0.948,-6.61,-0.511,0.765,-1.16,2.35,7.34,6.44,3.74,4.44,4.14,3.13
Guatemala,4.3,3.54,9.54,4.63,4.36,5.51,4.11,8.77,4.74,5.71,5.58,7.33,6.78,6.38,1.95,7.39,7.81,5,4.71,3.76,0.647,-3.53,-2.57,0.497,-0.609,0.143,3.54,3.89,3.94,3.1,3.66,4.84,3.93,4.03,4.95,2.96,4.36,4.99,3.85,3.61,2.33,3.87,2.53,3.15,3.26,5.38,6.3,3.28,0.526,2.87,4.16,2.97,3.7,4.44,4.09,2.68,3.02,3.21,3.85
Guinea,,,,,,,,,,,,,,,,,,,,,,,,,,,3.3,6.31,4,4.32,2.61,3.27,5.04,3.97,4.61,4.46,5.18,3.64,3.81,2.5,3.66,5.16,1.25,2.34,3,1.18,6.83,4.13,-1.12,4.81,5.61,5.92,3.95,3.7,3.83,10.8,10.3,6.18,5.58
Guinea-Bissau,,,,,,,,,,,-3.91,6.37,1.11,4.56,7.85,4.94,-7.17,13.1,1.99,-16,18.2,4.2,-3.4,9.11,4.17,-0.794,2.9,4.6,6.1,6.1,5.1,1.1,2.1,3.2,4.4,11.6,6.5,-28.1,1.03,5.43,2.19,-0.985,0.569,2.76,4.27,2.31,3.26,3.2,3.37,4.61,8.08,-1.71,3.26,0.965,6.13,6.26,5.92,3.8,4.6
Guyana,4.69,1.1,-12.3,11.4,10.5,5.23,4.31,1.02,6.99,4.26,3.11,-3.32,1.24,7.7,8.48,1.54,-2.64,-1.81,-1.84,1.73,1.5,-13.2,-6.79,-5.03,2.4,-0.901,0.899,-3.69,-4.92,-3.07,6.06,7.76,8.18,8.53,5.03,7.96,6.18,-1.68,2.96,-1.36,2.28,1.13,-0.632,1.56,-1.95,5.13,7.02,1.98,3.55,4.14,5.2,5.28,5.02,3.9,3.05,3.36,2.1,4.1,4.7
Haiti,-2.93,7.89,-1.89,-1.65,2.16,-0.576,-2.12,3.18,3.81,0.651,6.48,0.977,4.76,5.78,1.12,8.44,3.71,6.21,7.56,7.37,-2.85,-3.56,0.908,0.301,0.604,-0.497,-0.794,0.2,-2.91,1.04,1.88,-5.31,-5.43,-12,9.9,4.14,2.7,2.18,2.71,0.87,-1.04,-0.251,0.364,-3.52,1.81,2.25,3.34,0.844,3.08,-3.12,5.52,2.89,4.25,2.78,1.22,1.45,1.17,1.48,-0.935
Honduras,1.86,5.76,3.58,5.42,9.04,5.37,5.98,6.6,0.655,3.63,4,5.76,7.87,-1.23,2.13,10.5,10.4,5.97,5.61,0.599,-1.22,-2.07,0.906,6.33,5.63,5.33,6.64,1.75,2.73,2.79,-3.32,6.07,6.5,0.212,6.19,1.87,4.6,3.59,-0.736,7.29,2.72,3.75,4.55,6.23,6.05,6.57,6.19,4.23,-2.43,3.73,3.84,4.13,2.79,3.06,3.84,3.89,4.84,3.7,2.65
Hungary,,,,,,,,,,,,,,,,,,,,,,,,,,,,,,,,-3.06,-0.576,2.95,1.49,0.0824,3.14,3.9,3.07,4.48,4.07,4.74,4.08,4.82,4.24,4.03,0.242,1.06,-6.7,0.664,1.82,-1.47,1.96,4.2,3.85,2.2,4.32,5.09,4.93
Iceland,-0.0847,8.31,10.3,9.92,7.37,8.74,-1.27,-5.47,2.37,10.4,13.1,6.18,6.81,5.71,0.646,5.96,8.82,6.02,4.86,5.75,4.27,2.15,-2.15,4.13,3.29,6.27,8.55,-0.0897,0.258,1.17,-0.224,-3.37,1.31,3.61,0.117,4.57,5.76,7.1,4.04,4.89,3.9,0.681,2.27,8.04,6.33,5.25,9.37,1.99,-6.78,-3.44,1.88,1.3,4.13,2.08,4.75,6.63,4.55,3.81,1.92
India,3.72,2.93,5.99,7.45,-2.64,-0.0553,7.83,3.39,6.54,5.16,1.64,-0.553,3.3,1.19,9.15,1.66,7.25,5.71,-5.24,6.74,6.01,3.48,7.29,3.82,5.25,4.78,3.97,9.63,5.95,5.53,1.06,5.48,4.75,6.66,7.57,7.55,4.05,6.18,8.85,3.84,4.82,3.8,7.86,7.92,7.92,8.06,7.66,3.09,7.86,8.5,5.24,5.46,6.39,7.41,8,8.26,7.04,6.12,5.02
Indonesia,5.74,1.84,-2.24,3.53,1.08,2.79,1.38,10.9,6.82,7.55,7.02,7.04,8.1,7.63,4.98,6.89,8.76,6.77,7.32,9.88,7.93,2.25,4.19,6.98,2.46,5.88,4.93,5.78,7.46,7.24,6.91,6.5,6.5,7.54,8.22,7.82,4.7,-13.1,0.791,4.92,3.64,4.5,4.78,5.03,5.69,5.5,6.35,6.01,4.63,6.22,6.17,6.03,5.56,5.01,4.88,5.03,5.07,5.17,5.02
Iran,11.5,8.59,7.27,9.19,17.2,11.2,11.6,14.8,16.3,11.1,14.4,14.4,8.56,6.5,-2.42,17.2,-4.06,-14.1,-10.5,-27.5,-5.18,27.2,8.56,-8.79,2.15,-10.2,0.649,-5.4,6.02,13.8,12.4,2.83,1.04,-1.51,2.28,5.17,0.482,2.18,0.855,5.86,0.779,7.27,8.73,4.37,3.19,5,8.16,0.251,1.01,5.8,2.65,-7.44,-0.194,4.6,-1.32,13.4,3.76,,
Iraq,,,,,,,,,3.24,4.54,5.37,3.74,4.42,16.1,12.5,17.2,1.9,17.1,20.9,24.8,-0.729,3.43,-13.1,-1.49,1.45,4.65,9.31,-0.019,-3.12,57.8,-64,32.6,30.3,3.85,2.12,11,21.2,34.9,17.6,1.41,2.31,-6.9,-33.1,54.2,4.4,10.2,1.38,8.23,3.38,6.4,7.55,13.9,7.6,0.7,2.48,15.2,-2.49,-0.564,4.4
Ireland,,,,,,,,,,,3.47,6.49,4.72,4.26,5.66,1.39,8.21,7.19,3.07,3.08,3.33,2.28,-0.244,4.35,3.09,-0.428,4.66,5.22,5.81,8.47,1.93,3.34,2.69,5.76,9.63,7.41,10.9,8.69,10.5,9.45,5.28,5.92,3.02,6.72,5.7,5.07,5.32,-4.48,-5.08,1.81,0.343,0.226,1.35,8.56,25.2,3.68,8.15,8.17,5.55
Israel,11.2,10.2,10.7,7.94,9.09,-0.0796,3,16.2,13.6,3.04,11,12.1,5.59,6.48,3.24,0.323,1.04,5.56,6.21,1.67,5.34,2.08,3.36,0.933,4.04,4.19,7.14,2.91,0.575,7.32,7.73,7.76,4.12,7.43,6.6,5.03,3.93,3.92,3.11,7.46,0.119,-0.0149,0.97,4.19,3.91,5.56,5.77,3,0.924,5.6,4.78,2.26,4.15,3.76,2.29,3.98,3.54,3.45,3.51
Italy,8.21,6.2,5.61,2.8,3.27,5.98,7.18,6.54,6.1,5.27,1.82,3.69,7.13,5.5,-2.09,7.13,2.56,3.24,5.96,3.43,0.844,0.414,1.17,3.23,2.8,2.86,3.19,4.19,3.39,1.99,1.54,0.834,-0.853,2.15,2.89,1.27,1.83,1.81,1.63,3.79,1.95,0.254,0.139,1.42,0.818,1.79,1.49,-0.962,-5.28,1.71,0.707,-2.98,-1.84,-0.00455,0.778,1.29,1.67,0.798,0.301
Jamaica,,,,,,,1.81,5.74,5.57,12.1,2.46,18,-5.49,-4.23,-0.256,-6.69,-2.6,-0.0537,-1.06,-5.71,2.64,2.07,1.91,-1.54,-2.94,1.88,7.85,3.97,7.17,4.2,4.84,1.96,9.42,1.38,2.35,-0.114,-1.14,-2.33,1.05,0.879,1.34,2,3.67,1.32,0.894,2.9,1.43,-0.812,-4.34,-1.47,1.73,-0.614,0.502,0.691,0.923,1.38,1,1.94,0.7
Japan,12,8.91,8.47,11.7,5.82,10.6,11.1,12.9,12.5,0.399,4.7,8.41,8.03,-1.23,3.09,3.97,4.39,5.27,5.48,2.82,4.21,3.31,3.52,4.5,5.23,3.33,4.73,6.79,4.86,4.89,3.42,0.848,-0.518,0.993,2.74,3.1,1.08,-1.13,-0.252,2.78,0.406,0.118,1.53,2.2,1.66,1.42,1.65,-1.09,-5.42,4.19,-0.115,1.5,2,0.375,1.22,0.522,2.17,0.323,0.654
Jordan,,,,,,,,,,,,,,,,24.3,6.51,21,9.12,19,4.71,7.39,1.99,8.64,3.46,7.01,2.9,-1.85,-13.5,0.974,1.82,18.7,4.63,4.99,6.19,2.09,3.31,2.99,3.41,4.25,5.27,5.78,4.16,8.57,8.15,8.09,8.18,7.23,5.48,2.31,2.59,2.65,2.83,3.1,2.39,2,2.12,1.94,2
Kazakhstan,,,,,,,,,,,,,,,,,,,,,,,,,,,,,,,-11,-5.3,-9.2,-12.6,-8.2,0.5,1.7,-1.9,2.7,9.8,13.5,9.8,9.3,9.6,9.7,10.7,8.9,3.3,1.2,7.3,7.4,4.8,6,4.2,1.2,1.1,4.1,4.1,4.5
Kenya,-7.77,9.46,8.78,4.96,2.01,14.7,3.36,7.98,7.96,-4.66,22.2,17.1,5.9,4.07,0.882,2.15,9.45,6.91,7.62,5.59,3.77,1.51,1.31,1.76,4.3,7.18,5.94,6.2,4.69,4.19,1.44,-0.799,0.353,2.63,4.41,4.15,0.475,3.29,2.31,0.6,3.78,0.547,2.93,5.1,5.91,6.47,6.85,0.232,3.31,8.41,6.11,4.56,5.88,5.36,5.72,5.88,4.81,6.32,5.37
Kiribati,,,,,,,,,,,-2.29,12.1,20.9,45.3,5.34,-26.8,-4.61,1.06,-11.6,-16.5,-3.31,6.84,-0.8,4.84,-6.92,-0.826,-9.17,9.17,-3.36,-0.87,0,0.877,0.87,1.72,0,1.69,1.67,6.56,-1.54,6.25,-1.47,3.79,2.01,-1.63,4.95,-0.0493,2.03,-2.09,0.803,-0.924,1.59,4.71,4.21,-0.698,10.4,5.14,0.892,2.31,2.25
Kuwait,,,,,,,,,,,,,,,,,,,,,,,,,,,,,,,,,34,8.44,4.86,0.605,2.47,3.66,-1.79,4.69,0.213,3.01,17.3,10.2,10.6,7.51,5.99,2.48,-7.08,-2.37,9.63,6.63,1.15,0.501,0.593,2.93,-4.71,1.25,0.412
Kyrgyz Republic,,,,,,,,,,,,,,,,,,,,,,,,,,,3.3,13.2,2.79,5.7,-7.94,-13.8,-15.5,-20.1,-5.42,7.08,9.92,2.12,3.66,5.44,5.32,-0.0173,7.03,7.03,-0.176,3.1,8.54,8.4,2.89,-0.472,5.96,-0.0882,10.9,4.02,3.88,4.34,4.74,3.76,4.51
Lao,,,,,,,,,,,,,,,,,,,,,,,,,5.07,4.89,-1.43,-2.01,14.2,6.7,4.3,5.56,5.91,8.16,7.03,6.93,6.87,3.97,7.31,5.8,5.75,5.92,6.07,6.36,7.11,8.62,7.6,7.82,7.5,8.53,8.04,8.03,8.03,7.61,7.27,7.02,6.89,6.25,4.65
Latvia,,,,,,,,,,,,,,,,,,,,,,,,,,,,,,,,,,,,2.55,8.94,6.37,2.83,5.6,6.32,7.12,8.44,8.34,10.7,11.9,10,-3.35,-14.2,-4.47,6.29,4.13,2.33,1.92,3.26,1.77,3.79,4.28,2.2
Lebanon,,,,,,,,,,,,,,,,,,,,,,,,,,,,,-42.5,26.5,49.4,16.4,10.8,8.11,6.45,11.3,1.05,3.67,-0.526,1.34,3.84,3.42,3.23,6.68,2.69,1.55,9.31,9.07,10.2,7.98,0.867,2.54,3.81,2.46,0.212,1.53,0.851,-1.93,-5.64
Lesotho,1.86,15.3,10.6,8.25,2.15,-0.406,10.9,-0.367,1.55,2.18,5.11,-0.203,26.4,11,-13.5,11,21.8,18.3,2.89,-2.74,0.695,4.46,1.99,5.53,2.61,4.68,0.73,8.6,5.8,6.05,6.97,6.96,3.51,5.98,3.29,5.6,3.7,1.54,0.476,3.88,3.56,0.724,4.56,1.69,3.47,4.23,4.83,6.74,2.15,0.825,5.36,6.74,4.19,2.88,2.65,5.05,-1.32,-0.453,1.52
Liberia,,,,,,,,,,,,,,,,,,,,,,,,,,,,,,,,,,,,,,,,,2.92,3.76,-30.1,2.62,5.28,8.04,9.54,7.15,5.3,6.1,8.2,7.99,8.7,0.701,0,-1.6,2.47,1.22,-2.28
Libya,,,,,,,,,,,,,,,,,,,,,,,,,,,,,,,,,,,,,,,,3.68,-1.76,-0.959,13,4.46,11.9,6.5,6.35,2.67,-0.79,5.02,-62.1,123,-13.6,-24,-8.86,-2.8,26.7,15.1,2.54
Liechtenstein,,,,,,,,,,,1.67,1.67,1.67,1.67,1.67,4.76,4.76,4.76,4.76,4.76,4.81,-1.59,0.539,4.29,7.02,4,9.23,5.63,4.49,2.25,1.8,3.61,4.33,6.87,5.88,6.91,7.23,7.76,10.4,3.22,-0.733,-0.994,-1.94,3.04,4.83,8.64,3.33,1.8,-1.16,,,,,,,,,,
Lithuania,,,,,,,,,,,,,,,,,,,,,,,,,,,,,,,,,,,,5.15,8.29,7.47,-1.13,3.83,6.52,6.76,10.5,6.55,7.73,7.41,11.1,2.63,-14.8,1.48,6.03,3.83,3.56,3.51,2.03,2.56,4.25,3.64,3.93
Luxembourg,3.83,1.36,3.44,7.87,-0.735,1.11,0.217,4.18,9.97,4.51,2.67,6.6,8.31,4.21,-6.57,2.53,1.57,4.07,2.35,0.841,-0.551,1.13,2.99,6.19,2.79,9.98,3.95,8.46,9.8,5.32,8.64,1.82,4.2,3.82,1.43,1.39,5.71,6.04,8.48,8.24,2.53,3.82,1.63,3.61,3.17,5.18,8.35,-1.28,-4.36,4.86,2.54,-0.353,3.65,4.3,4.31,4.57,1.8,3.11,2.3
Madagascar,2.05,2.27,-0.929,3.96,-0.452,2.06,5.53,6.83,3.72,5.28,3.93,-1.27,-2.62,2.01,1.26,-3.07,2.36,-2.66,9.85,0.953,-9.8,-1.9,0.9,1.76,1.16,1.96,1.17,3.41,4.07,3.13,-6.31,1.18,2.1,-0.0421,1.68,2.15,3.69,3.92,4.7,4.46,5.98,-12.4,9.78,5.26,4.76,5.4,5.71,6.71,-3.98,0.619,1.58,3.01,2.3,3.34,3.13,3.99,3.93,4.56,4.8
Malawi,7.64,0.668,-1.39,2.66,13.6,13.2,7.28,-1.92,5.88,0.479,16.2,6.23,2.3,7.18,6.09,5,4.92,9.75,4.4,0.407,-5.29,2.5,3.72,5.36,4.57,-0.215,1.63,3.18,1.34,5.69,8.73,-7.33,9.69,-10.2,16.7,7.32,3.79,3.9,3.04,1.58,-4.97,1.7,5.71,5.42,3.27,4.7,9.6,7.64,8.33,6.87,4.85,1.89,5.2,5.7,2.8,2.48,4,3.17,4.37
Malaysia,7.6,6.42,7.34,5.36,7.68,7.82,3.86,7.98,4.89,5.99,10,9.39,11.7,8.32,0.801,11.6,7.75,6.65,9.35,7.44,6.94,5.94,6.25,7.76,-1.03,1.24,5.19,9.94,9.06,9.01,9.55,8.89,9.89,9.21,9.83,10,7.32,-7.36,6.14,8.86,0.518,5.39,5.79,6.78,5.33,5.58,6.3,4.83,-1.51,7.42,5.29,5.47,4.69,6.01,5.09,4.45,5.74,4.74,4.33
Maldives,,,,,,,,,,,,,,,,,,,,,,,,,,,,,,,,,,,,7.86,8.4,7.49,6.18,3.85,-3.94,7.27,13.8,6.03,-13.1,26.1,7.71,9.49,-7.23,7.27,8.57,2.52,7.28,7.33,2.88,6.34,6.8,6.89,5.22
Mali,,,,,,,,3.71,0.231,6.14,2.57,5.84,-1.46,-1.53,11.6,13.6,6.35,-1.46,10.4,-4.33,1.51,-7.38,1.82,-0.287,20.3,2.69,-0.139,7.39,4.18,-2.5,11.7,-3.22,3.17,3.78,0.921,7.06,4.83,7.57,5.7,-0.0608,15.4,3.11,9.12,1.56,6.53,4.66,3.49,4.77,4.81,5.31,3.21,-0.837,2.3,7.1,6.17,5.76,5.42,4.65,5.04
Malta,,,,,,,,,,,2.45,5.84,4.15,10,19.6,17,12.2,11.2,10.5,7.05,3.31,2.28,-0.612,0.942,2.59,3.89,4.11,8.41,8.18,6.29,6.26,4.69,4.48,5.65,6.34,3.78,5.26,5.13,4.72,6.77,0.608,2.98,2.54,0.443,3.78,1.83,3.99,3.35,-2.46,3.54,1.36,2.79,4.84,8.79,10.9,5.83,6.47,7.31,4.38
Marshall Islands,,,,,,,,,,,,,,,,,,,,,,4.83,15.5,3.87,-6.26,24.5,9.36,7.79,-1.69,2.68,0.0879,7.14,6.01,5.88,8.21,-10.3,-6.45,-0.819,-1.26,1.35,6.83,3.74,-1.62,0.949,2.28,0.668,2.77,-6.75,1.44,7.56,-0.756,-2.37,3.72,-0.94,1.59,1.31,4.06,3.62,
Mauritania,,0.727,-1.98,27.7,16.1,0.231,3.57,10.2,1.25,12,1.84,-0.733,-4.58,12.2,-5.13,8.55,-1.88,-0.505,4.79,3.37,3.45,-2.34,3.74,-3.23,2.99,5.71,1.9,1.72,4.78,-1.77,1.79,1.87,5.87,-3.06,9.82,5.82,-4.04,2.78,3.67,-3.92,-0.799,1.38,6.93,4.73,8.57,18.3,-1.97,-0.331,0.0979,2.62,4.17,4.47,4.15,4.27,5.38,1.26,3.5,2.12,5.93
Mauritius,,,,,,,,,,,,,,,,,6.55,3.83,3.52,-10.1,5.88,5.5,0.384,4.7,6.95,9.74,8.89,6.79,4.47,7.19,4.44,6.51,5.08,4.14,4.29,5.59,5.69,6.07,2.61,8.2,3.35,1.61,5.93,4.33,1.78,4.87,5.73,5.39,3.32,4.38,4.08,3.5,3.36,3.74,3.55,3.84,3.81,3.76,3.55
Mexico,5,4.66,8.11,11.9,7.1,6.1,5.85,9.42,3.42,6.5,3.76,8.23,7.86,5.78,5.74,4.42,3.39,8.96,9.7,9.23,8.53,-0.521,-3.49,3.41,2.19,-3.08,1.72,1.28,4.11,5.18,4.21,3.54,1.94,4.94,-6.29,6.77,6.85,5.16,2.75,4.94,-0.404,-0.0398,1.45,3.92,2.31,4.5,2.29,1.14,-5.29,5.12,3.66,3.64,1.35,2.8,3.29,2.91,2.12,2.14,-0.146
"Micronesia, Fed. Sts.",,,,,,,,,,,,,,,,,,,,,,,,,,,1.2,2.55,3.53,3.74,7.43,4.01,8.14,-0.535,7.01,-3.18,-6.06,2.85,1.37,4.83,2.17,0.547,1.57,-3.08,2.04,-0.0811,-1.84,-2.41,1.09,2.26,3.19,-1.87,-3.68,-2.31,4.62,0.9,2.68,0.212,
Moldova,,,,,,,,,,,,,,,,,,,,,,,,,,,,,,,,,,,,-5.88,1.65,-6.54,-3.37,2.11,6.1,7.8,6.6,7.4,7.5,4.8,3,7.8,-6,7.1,5.82,-0.59,9.04,5,-0.338,4.41,4.69,4.3,3.46
Monaco,,,,,,,,,,,5.23,4.65,6.55,4.47,-0.973,4.41,3.55,3.95,3.53,1.69,0.922,2.43,1.19,1.48,1.71,2.45,2.48,4.6,4.16,2.64,1.02,1.37,-0.914,2.22,2.12,1.11,2.24,3.5,3.3,3.91,2.19,1.03,1.09,2.47,1.9,5.8,14.4,0.667,-11.3,2.1,7,1,9.6,7.2,4.9,3.5,-3.4,6.1,
Mongolia,,,,,,,,,,,,,,,,,,,,,,8.34,5.83,5.93,5.71,9.37,3.46,5.11,4.18,-3.18,-8.69,-9.26,-3.17,2.13,6.38,2.24,3.9,3.34,3.07,1.15,2.95,4.73,7,10.6,7.25,8.56,10.2,8.9,-1.27,6.37,17.3,12.3,11.6,7.89,2.38,1.17,5.34,7.25,5.1
Montenegro,,,,,,,,,,,,,,,,,,,,,,,,,,,,,,,,,,,,,,4.9,-9.4,3.1,1.1,1.9,2.48,4.43,4.18,8.57,6.81,7.22,-5.8,2.73,3.23,-2.72,3.55,1.78,3.39,2.95,4.72,5.08,3.62
Morocco,,,,,,,10,9.89,8.36,4.71,5.6,2.44,3.56,5.6,7.56,10.8,6.06,2.23,4.79,3.64,-1.74,8.96,1.39,6.42,6.01,9.27,-0.325,11.9,2.85,3.41,7.22,-2.1,-0.741,10.6,-5.41,12.4,-1.56,7.24,1.08,1.91,7.32,3.12,5.96,4.8,3.29,7.57,3.53,5.92,4.24,3.82,5.25,3.01,4.54,2.67,4.54,1.06,4.23,2.99,2.3
Mozambique,,,,,,,,,,,,,,,,,,,,,5,-6.9,-15.7,-6.5,1,-2.3,14.7,8.2,6.5,1,4.9,-6.1,10.6,6.54,2.25,11.2,11.3,9.93,11.7,1.19,12.1,9.29,6.93,7.93,6.64,9.7,7.73,7.29,6.31,6.49,7.4,7.26,6.96,7.4,6.72,3.82,3.74,3.43,2.22
Myanmar,0.472,4.09,13.3,-5.89,10.7,-4.85,-5.93,12.1,3.29,4.98,4.13,2.44,-0.968,5.34,4.15,6.08,5.95,6.52,5.2,7.94,6.36,5.6,4.39,4.93,2.85,-1.06,-4.01,-11.4,3.7,2.82,-0.651,9.66,6.04,7.48,6.95,6.44,5.65,5.87,10.9,13.7,11.3,12,13.8,13.6,13.6,13.1,12,10.3,10.6,9.63,5.59,7.33,8.43,7.99,6.99,5.75,6.4,6.75,2.89
Namibia,,,,,,,,,,,,,,,,,,,,,0.971,-0.398,-1.82,-0.237,0.464,4.77,3.55,0.813,1.86,2.05,8.17,7.19,-1.58,1.73,3.9,3.19,4.22,3.29,3.37,3.49,1.18,4.79,4.24,12.3,2.53,7.07,5.37,2.65,0.296,6.04,5.09,5.06,5.61,5.76,4.53,-0.281,-0.256,0.698,-1.13
Nauru,,,,,,,,,,,,,,,,,,,,,,,,,,,,,,,,,,,,,,,,,,,,,0,6.06,-22.9,22.2,9.09,11.1,10,11.4,30.6,26.6,3.7,3.57,-5.75,6.1,0
Nepal,1.91,1.91,1.9,7.53,-1.2,7.04,-1.57,0.675,4.46,2.58,-1.2,3.12,-0.477,6.33,1.46,4.4,3.02,4.41,2.37,-2.32,8.34,3.78,-2.98,9.68,6.14,4.57,1.7,7.7,4.33,4.64,6.37,4.11,3.85,8.22,3.47,5.33,5.05,3.02,4.41,6.2,4.8,0.12,3.95,4.68,3.48,3.36,3.41,6.1,4.53,4.82,3.42,4.78,4.13,5.99,3.32,0.589,8.22,6.7,6.99
Netherlands,0.296,6.84,3.62,8.27,8.64,2.74,5.28,6.42,6.43,6.14,4.32,3.53,5.44,3.44,0.00203,4.46,2.52,2.7,2.01,1.34,-0.784,-1.24,2.07,3.06,2.58,2.79,1.93,3.44,4.42,4.18,2.44,1.71,1.26,2.96,3.12,3.5,4.33,4.66,5.03,4.2,2.33,0.217,0.156,1.98,2.05,3.46,3.77,2.17,-3.67,1.34,1.55,-1.03,-0.13,1.42,1.96,2.19,2.91,2.6,1.81
New Zealand,,,,,,,,,,,3.79,5.12,7.8,5.99,-1.73,0.929,-3.94,0.319,2.19,1.28,4.66,0.93,3.49,4.79,1.62,2.71,0.971,-0.354,0.161,0.153,-1.09,1.09,6.39,5.12,4.72,3.62,2.05,0.798,5.45,2.91,3.46,4.67,4.55,4.03,3.32,2.85,3.07,-1.03,-0.146,1.56,2.36,2.24,2.63,3.63,3.62,3.68,3.16,3.76,2.17
Nicaragua,7.5,10.9,10.9,11.7,9.53,3.3,6.97,1.34,6.24,1.35,3.3,2.22,6.42,14.2,-0.153,5.21,8.37,-7.84,-26.5,4.61,5.36,-0.816,4.61,-1.57,-4.08,-1.02,-0.706,-12.4,-1.74,-0.0525,-0.189,0.386,-0.393,3.34,5.91,6.34,3.97,3.71,7.04,4.1,2.96,0.754,2.52,5.31,4.28,4.15,5.08,3.44,-3.29,4.41,6.32,6.5,4.93,4.79,4.79,4.56,4.63,-3.95,-3.88
Niger,4.55,10.3,9.43,0.131,6.92,-0.383,0.123,0.383,-5.49,3.06,5.68,-5.17,-17,8.78,-2.79,0.678,7.76,13.5,7.15,-2.23,0.609,1.62,-4.75,-16.8,7.72,6.36,0.0746,6.9,0.934,-1.28,-0.147,2.01,0.435,1.72,2.29,0.375,1.49,9.87,-0.0715,-1.05,7.12,4.75,2.49,0.355,7.13,5.83,3.1,7.77,1.86,8.43,2.36,10.6,5.57,6.56,4.37,5.69,5,7,5.83
Nigeria,0.192,4.1,8.58,4.95,4.88,-4.25,-15.7,-1.25,24.2,25,14.2,3.36,5.39,11.2,-5.23,9.04,6.02,-5.76,6.76,4.2,-13.1,-6.8,-10.9,-1.12,5.91,0.0609,3.2,7.33,1.92,11.8,0.358,4.63,-2.04,-1.81,-0.0727,4.2,2.94,2.58,0.584,5.02,5.92,15.3,7.35,9.25,6.44,6.06,6.59,6.76,8.04,8.01,5.31,4.23,6.67,6.31,2.65,-1.62,0.806,1.92,2.21
North Macedonia,,,,,,,,,,,,,,,,,,,,,,,,,,,,,,,-6.17,-6.57,-7.47,-1.76,-1.11,1.19,1.44,3.38,4.34,4.55,-3.07,1.49,2.22,4.67,4.72,5.14,6.47,5.47,-0.359,3.36,2.34,-0.456,2.93,3.63,3.86,2.85,1.08,2.72,3.55
Norway,6.27,2.81,3.79,5.01,5.29,3.79,6.26,2.26,4.5,1.94,5.67,5.33,4.53,3.92,4.95,5.83,4.16,3.87,4.37,4.56,1.6,0.235,3.97,6.05,5.55,4.04,1.75,-0.255,1.04,1.93,3.08,3.57,2.85,5.06,4.16,5.03,5.28,2.62,2.01,3.2,2.07,1.45,0.91,3.97,2.63,2.4,2.99,0.476,-1.73,0.702,0.981,2.7,1.03,1.97,1.97,1.07,2.32,1.29,1.15
Oman,,,,,,5.2,66.2,81.9,25.7,13.9,0.898,9.83,-14.3,11.5,24.4,20.5,1.01,-3.69,4.33,6.04,17,11.6,16.7,16.7,14,2,-3.44,5.96,11.8,-0.13,6.07,8.41,6.04,3.88,5,3.05,6.03,2.64,-0.125,5.4,4.48,-1.1,-2.67,1.29,2.49,5.37,4.45,8.2,6.11,4.8,-1.11,9.33,4.37,2.75,4.68,4.96,0.346,1.76,0.5
Pakistan,5.99,4.48,8.69,7.57,10.4,5.79,5.4,7.23,5.51,11.4,0.468,0.813,7.06,3.54,4.21,5.16,3.95,8.05,3.76,10.2,7.92,6.54,6.78,5.07,7.59,5.5,6.45,7.63,4.96,4.46,5.06,7.71,1.76,3.74,4.96,4.85,1.01,2.55,3.66,4.26,3.55,2.51,5.78,7.55,6.52,5.9,4.83,1.7,2.83,1.61,2.75,3.51,4.4,4.67,4.73,5.53,5.55,5.84,0.989
Palau,,,,,,,,,,,,,,,,,,,,,,,,,,,,,,,,,,,,,,,,,6.41,3.46,-2.84,4.97,4.06,-1.49,1.34,-5.58,-6.26,0.289,4.87,1.84,-1.41,4.37,10.1,0.797,-3.52,1.71,
Palestine,,,,,,,,,,,,,,,,,,,,,,,,,,,,,,,,,,,7.12,1.22,14.7,14.3,8.28,-8.56,-9.31,-12.5,14,10.3,10.8,-3.9,6.59,6.08,8.66,8.1,12.4,6.28,2.22,-0.182,3.43,4.71,3.14,0.905,
Panama,10.9,8.24,8.54,4.43,9.16,7.58,8.55,6.98,8.44,6.96,9.62,4.58,5.36,2.45,1.74,1.66,1.09,9.79,4.51,13.1,9.21,5.35,-4.49,2.71,4.94,3.57,-1.81,-13.4,1.56,8.1,9.42,8.2,5.46,2.85,1.75,4.08,6.46,7.34,3.92,2.72,0.574,2.23,4.21,7.52,7.19,8.65,12,9.86,1.24,5.83,11.3,9.78,6.9,5.07,5.73,4.95,5.6,3.69,3.01
Papua New Guinea,6.18,6.37,4.07,8.57,10.3,5.81,4.07,4.36,8.27,10.8,6.3,5.64,6.53,2.61,-0.88,-3.39,0.835,8.55,1.83,-2.3,-0.275,0.353,3.22,-0.355,4,4.69,2.77,2.91,-1.42,-3.01,9.55,13.8,18.2,5.94,-3.31,7.73,-3.9,-3.77,1.86,-2.49,-0.121,-0.159,2.16,2.72,6.34,5.41,7.82,-0.296,6.8,10.1,1.11,4.66,3.82,13.5,9.48,4.08,3.54,-0.754,5.62
Paraguay,6.9,3.3,4.71,4.21,6.17,1.99,9.15,4.53,4.7,5.55,5.54,6.63,7.3,8.38,6.85,7.53,11.5,12,11.9,11.7,9.17,-1.4,-3.04,2.82,4.52,4.96,7.58,5.92,6.94,4.12,3.49,1.7,4.94,5.32,6.82,1.57,4.24,0.068,-1.37,-2.31,-0.834,-0.0214,4.32,4.06,2.13,4.81,5.42,6.36,-0.258,11.1,4.25,-0.539,8.42,4.86,3.08,4.31,4.96,3.35,-0.0299
Peru,7.35,10,4.33,6.55,5.62,8.24,3.85,0.152,3.51,3.37,4.59,3.48,6.28,9.39,4.3,1.45,0.349,-2.64,4.09,5.94,5.55,-0.223,-10.4,3.61,2.06,9.43,9.73,-9.44,-12.3,-4.98,2.22,-0.541,5.24,12.3,7.41,2.8,6.48,-0.392,1.49,2.69,0.618,5.45,4.17,4.96,6.29,7.53,8.52,9.13,1.1,8.33,6.33,6.14,5.85,2.38,3.25,3.95,2.52,3.98,2.15
Philippines,5.62,4.77,7.06,3.45,5.27,4.43,5.32,4.95,4.66,3.76,5.43,5.45,8.92,3.56,5.56,8.81,5.6,5.17,5.64,5.15,3.42,3.62,1.87,-7.32,-7.31,3.42,4.31,6.75,6.21,3.04,-0.578,0.338,2.12,4.39,4.68,5.85,5.19,-0.577,3.08,4.41,3.05,3.72,5.09,6.57,4.94,5.32,6.52,4.34,1.45,7.33,3.86,6.9,6.75,6.35,6.35,7.15,6.93,6.34,6.04
Poland,,,,,,,,,,,,,,,,,,,,,,,,,,,,,,,-7.02,2.51,3.74,5.29,6.95,6.06,6.46,4.61,4.64,4.56,1.25,2.04,3.56,5.14,3.49,6.18,7.04,4.25,2.82,3.61,5.02,1.61,1.39,3.32,3.84,3.06,4.94,5.35,4.15
Portugal,5.53,6.61,5.87,6.31,7.47,4.08,7.54,8.88,2.12,12.6,6.63,8.02,11.2,1.14,-4.35,6.9,5.6,2.82,5.64,4.59,1.62,2.14,-0.173,-1.88,2.81,4.14,6.38,7.49,6.44,3.95,4.37,1.09,-2.04,0.965,4.28,3.5,4.4,4.81,3.91,3.82,1.94,0.771,-0.931,1.79,0.782,1.63,2.51,0.319,-3.12,1.74,-1.7,-4.06,-0.923,0.792,1.79,2.02,3.51,2.64,2.16
Qatar,,,,,,,,,,,,,,,,,,,,,,,,,,,,,,,,,,,,,,,,,3.9,7.18,3.72,19.2,7.49,26.2,18,17.7,12,19.6,13.4,4.69,4.41,3.98,3.66,2.13,1.58,1.49,-0.183
Romania,,,,,,,,,,,,,,,,,,,,,,,,,,,,,,,-12.9,-8.77,1.53,3.93,6.23,3.91,-4.85,-2.03,-0.377,2.46,5.22,5.7,2.34,10.4,4.67,8.03,7.23,9.31,-5.52,-3.9,2.01,2.08,3.51,3.41,3.87,4.8,7.11,4.44,4.08
Russia,,,,,,,,,,,,,,,,,,,,,,,,,,,,,,-3,-5.05,-14.5,-8.67,-12.6,-4.14,-3.76,1.4,-5.3,6.4,10,5.1,4.7,7.3,7.2,6.4,8.2,8.5,5.2,-7.8,4.5,4.3,4.02,1.76,0.736,-1.97,0.194,1.83,2.54,1.34
Rwanda,-4.3,11.3,-9.82,-12.5,7.01,7.01,6.92,7.01,11,6,1.21,0.263,3.44,1.41,-2.11,19.5,1.99,9.15,11.9,8.95,5.44,1.81,5.98,-4.24,4.4,5.47,-0.024,4.5,-0.0365,-2.4,-2.51,5.87,-8.11,-50.2,35.2,12.7,13.8,8.86,4.32,8.37,8.48,13.2,2.2,7.45,9.38,9.23,7.63,11.2,6.25,7.33,7.96,8.64,4.72,6.16,8.87,5.98,3.99,8.57,9.41
Samoa,,,,,,,,,,,,,,,,,,,,,,,0.431,1.29,3.92,5.5,0.483,-1.44,3.71,-4.42,-2.3,-0.2,4.1,-2.54,6.67,7.18,0.643,2.19,2.19,6.92,6.94,4.34,4.52,4.63,4.16,1.97,6.32,1.01,-4.81,0.479,4.17,-4.09,-0.419,0.0783,4.27,8.05,1.02,-2.17,3.47
San Marino,,,,,,,,,,,,,,,,,,,,,,,,,,,,,,,,,,,,,,7.47,9.05,2.18,5.58,0.311,3.87,4.55,2.43,3.83,7.11,-0.501,-10.3,-5.47,-8.31,-7.04,-0.784,-0.702,2.48,2.42,0.59,1.17,
Sao Tome and Principe,,,,,,,,,,,,,,,,,,,,,,,,,,,,,,,,,,,,,,,,,,2.38,6.57,3.83,7.09,9.12,3.25,8.19,2.43,6.67,4.4,3.14,4.81,6.55,3.8,4.17,3.87,2.66,2.4
Saudi Arabia,,,,,,,,,6.04,58.6,20.5,22.9,24.2,16.2,-8.93,17.8,7.09,-5.22,11.9,5.65,1.94,-20.7,-16.1,-4.66,-9.79,17,-6.63,13.1,-0.503,15.2,15,3.99,-1.36,0.559,0.212,2.64,1.1,2.89,-3.76,5.63,-1.21,-2.82,11.2,7.96,5.57,2.79,1.85,6.25,-2.06,5.04,10,5.41,2.7,3.65,4.11,1.67,-0.742,2.43,0.331
Senegal,2.99,-0.136,1.86,3.88,1.33,2.88,-1.22,6.29,-6.55,8.56,-0.14,6.38,-5.58,4.2,7.54,8.92,-2.68,-3.95,7,-3.31,5.07,7.84,-5.33,3.75,3.28,3.11,6.09,-0.592,3.98,-0.676,2.56,1.24,1.3,-0.0173,5.36,2.01,3.12,5.9,6.35,3.2,4.58,0.655,6.68,5.87,5.62,2.46,4.94,4.06,2.09,3.56,1.46,5.12,2.82,6.61,6.37,6.36,7.41,6.38,5.27
Serbia,,,,,,,,,,,,,,,,,,,,,,,,,,,,,,,,,,,,6.26,7.21,3.34,-9.42,6.13,6.88,6.38,4.39,9.03,5.53,5.11,6.44,5.66,-2.73,0.731,2.04,-0.682,2.89,-1.59,1.78,3.34,2.05,4.39,4.19
Seychelles,-4.88,8.41,10.1,5.92,-1.06,13.9,0.505,7.55,0,8.87,15.9,6.31,9.05,1.3,3.18,16.3,-6.19,21.2,15.8,-4.25,-8.22,-1.12,-1.71,4.51,11.1,-0.177,4.4,5.4,11.2,7,2.76,7.16,6.2,-0.799,-0.826,4.92,12,8.4,1.87,1.51,-2.27,1.21,-5.89,-2.85,9.01,9.41,10.4,-2.15,-1.11,5.95,7.89,1.26,6.02,4.5,4.94,4.56,4.38,3.75,4.71
Sierra Leone,1.81,4.54,1.7,6.69,7.18,1.7,0.0363,2.02,8.53,8.62,3.47,0.9,2.26,3.5,1.67,-0.449,0.0467,2.41,4.51,4.84,2.88,4.78,-2.1,4.09,-5.31,1.24,7.23,-7.08,0.73,3.35,2.35,-19,1.37,-1.95,-8,1.75,-5.88,1.79,-1.98,6.65,-6.35,26.4,9.31,6.6,4.51,4.22,8.06,5.4,3.19,5.35,6.32,15.2,20.7,4.56,-20.6,6.06,4.21,3.45,5.51
Singapore,8.14,7.55,10,-3.1,7.83,10.2,12.5,13.5,13.8,13.9,12.4,13.3,10.6,6.12,3.98,7.44,6.85,7.78,9.55,10.1,10.8,7.1,8.55,8.79,-0.623,1.34,10.8,11.3,10.2,9.82,6.69,6.64,11.5,11.1,7.2,7.47,8.32,-2.2,5.72,9.04,-1.07,3.91,4.54,9.82,7.36,9.01,9.02,1.87,0.121,14.5,6.34,4.46,4.84,3.94,2.99,3.24,4.34,3.44,0.733
Slovak Republic,,,,,,,,,,,,,,,,,,,,,,,,,,,,,,,,,1.9,6.21,5.84,6.62,5.93,4.08,-0.106,1.17,3.25,4.51,5.5,5.28,6.62,8.49,10.8,5.57,-5.46,5.72,2.86,1.9,0.671,2.75,4.82,2.12,3.05,3.9,2.4
Slovenia,,,,,,,,,,,,,,,,,,,,,,,,,,,,,,,-8.9,-5.46,2.84,5.33,4.11,3.2,5.05,3.28,5.33,3.67,3.22,3.51,2.96,4.36,3.8,5.75,6.98,3.51,-7.55,1.34,0.861,-2.64,-1.03,2.77,2.21,3.12,4.83,4.12,2.44
Solomon Islands,,,,,,,,,,,,,,,,,,,,,,,,,,,,,,,6,12.7,3.98,9.19,8.22,1.61,-1.44,1.78,-0.483,-14.3,-7.98,-2.8,6.5,4.9,5.42,6.95,7.32,7.11,-4.74,6.81,13.2,4.56,3.02,2.25,2.54,3.22,3.69,3.85,2.69
Somalia,-3.26,7.08,2.81,-6.11,-5.94,9.1,5.94,2.03,-1.7,4.58,2.63,10.1,-1.95,-18.3,30.1,-1.02,23.3,3.73,-2.71,-3.9,5.66,4.07,-8.75,3.55,8.15,3.35,5.1,-0.553,-0.176,-1.48,,,,,,,,,,,,,,,,,,,,,,,,,,,,,
South Africa,3.84,6.18,7.37,7.94,6.12,4.44,7.2,4.15,4.72,5.25,4.28,1.65,4.57,6.11,1.7,2.25,-0.094,3.01,3.79,6.62,5.36,-0.383,-1.85,5.1,-1.21,0.0178,2.1,4.2,2.39,-0.318,-1.02,-2.14,1.23,3.2,3.1,4.3,2.6,0.5,2.4,4.2,2.7,3.7,2.95,4.55,5.28,5.6,5.36,3.19,-1.54,3.04,3.28,2.21,2.49,1.85,1.19,0.399,1.41,0.787,0.153
South Korea,6.94,3.9,9.02,9.47,7.32,12,9.08,13.2,14.6,10.1,10.5,7.21,14.9,9.51,7.84,13.2,12.3,11,8.67,-1.65,7.25,8.34,13.4,10.6,7.84,11.3,12.7,12,7.07,9.88,10.8,6.2,6.88,9.27,9.61,7.89,6.17,-5.13,11.5,9.06,4.85,7.73,3.15,5.2,4.31,5.26,5.8,3.01,0.793,6.8,3.69,2.4,3.16,3.2,2.81,2.95,3.16,2.66,2.03
South Sudan,,,,,,,,,,,,,,,,,,,,,,,,,,,,,,,,,,,,,,,,,,,,,,,,,5.04,5.49,-4.64,-46.1,13.1,3.37,-10.8,,,,
Spain,11.8,9.95,9.6,5.31,6.25,7.25,4.34,6.6,8.91,4.29,4.65,8.15,7.79,5.62,0.542,3.3,2.84,1.46,0.0415,2.21,-0.132,1.25,1.77,1.78,2.32,3.25,5.55,5.09,4.83,3.78,2.55,0.929,-1.03,2.38,2.76,2.66,3.7,4.39,4.49,5.25,3.93,2.73,2.98,3.12,3.65,4.1,3.6,0.887,-3.76,0.163,-0.814,-2.96,-1.44,1.38,3.84,3.03,2.89,2.35,1.98
Sri Lanka,,3.82,2.52,3.91,2.54,5.02,6.44,5.8,7.72,3.85,1.31,-0.41,7.06,3.85,6.13,3.34,5.1,5.65,6.4,5.85,5.7,4.14,4.81,5.1,5,4.36,1.73,2.47,2.3,6.4,4.6,4.4,6.9,5.6,5.5,3.8,6.41,4.7,4.3,6,-1.55,3.96,5.94,5.45,6.24,7.67,6.8,5.95,3.54,8.02,8.4,9.14,3.4,4.96,5.01,4.49,3.58,3.31,2.28
St. Kitts and Nevis,,,,,,,,,,,,,,,,,,3.91,7.6,8.44,1.55,0.549,1.19,8.87,8.55,10.9,6.55,9.23,5.48,4.88,-1.86,4.27,6.8,5.3,5.38,5.84,6.82,-0.486,3.22,10.4,5.52,2.47,-3.44,4.06,9.7,0.911,0.601,6.12,-4.05,-0.608,1.83,-2.23,5.38,6.29,1.03,2.83,-1.98,2.92,2.5
St. Lucia,,,,,,,,,,,,,,,,,,10.3,3.79,-2.22,6.31,2.09,4.97,7.27,8.29,14.4,3.92,13.9,8.98,9.89,0.376,7.95,0.583,1.6,1.75,2.92,-0.694,6.29,2.67,0.0488,-3.41,0.416,4.26,7.27,-0.41,6.2,1.69,4.95,-2.83,1.6,5.48,-0.2,-3.17,1.76,-1.36,3.99,3.49,2.64,1.73
St. Vincent and the Grenadines,4.53,3.69,-6.27,3.67,0.885,0,-9.52,6.51,2.86,10.7,2.97,25.8,-11.1,-8.82,-7.61,10.4,13.2,9.78,3.38,2.44,4.61,4.48,2.17,6.59,6.18,5.6,0.438,14.1,1.41,4.15,1.14,6.38,4.25,-1.25,7.77,1.29,3.51,4.09,2.71,1.64,1.71,6.32,7.69,4.16,2.49,7.69,3.34,1.58,-2.1,-3.35,-0.419,1.38,1.83,1.21,1.33,1.9,1,2.16,0.342
Sudan,0.0224,6.92,-2.85,-1.12,6.78,-3.58,1.42,1.96,1.39,5.93,2.25,-5.07,0.632,11.4,15.7,16.7,6.22,-5.93,-5.02,1.52,7.44,5.96,2.06,-5.01,-6.28,5.41,14.2,-0.331,8.93,-5.47,7.51,6.58,4.57,1.01,6,5.92,10.6,4.31,3.1,6.35,6.5,6.43,7.73,3.88,7.49,10.1,11.5,7.8,3.24,-0.333,3.8,-1.44,4.39,2.68,4.91,4.7,4.28,-2.32,-2.56
Suriname,4.8,3.9,5.6,6.5,12,19.2,12.1,7.6,4.5,2.7,3.9,-0.6,-1.8,0.4,2.8,8.8,10.2,6.6,-0.6,-8.8,7.1,-4.2,-3.9,-1.9,2,0.8,-6.2,7.8,4.2,-4.5,2.7,0.4,-6.7,3.4,0,1,5.7,2.3,-1.4,2.1,4.2,2.8,6.3,8.5,4.5,5.79,5.11,4.14,3.01,5.17,5.85,2.69,2.93,0.256,-3.41,-5.56,1.76,2.62,-0.772
Swaziland,,,,,,,,,,,13.7,5.42,9.02,5.74,13.9,-2.12,1.01,1.33,3.11,12.4,14.6,1.17,1.2,6.16,3.79,12.3,14.6,6.57,12.9,21,1.76,3.23,3.11,2.4,4.83,3.84,3.1,2.6,2.95,1.76,1.05,4.38,3.88,3.62,6,5.99,4.44,0.822,1.57,3.79,2.25,5.39,3.86,0.913,2.31,1.27,2.02,2.35,2.01
Sweden,5.68,4.26,5.33,6.82,3.82,2.09,3.37,3.64,5.01,7.29,0.945,2.29,3.97,3.2,2.55,1.06,-1.6,1.75,3.84,1.7,0.455,1.25,1.9,4.23,2.16,2.69,3.35,2.56,2.65,0.755,-1.15,-1.16,-2.07,3.93,3.94,1.58,3.07,4.31,4.25,4.77,1.45,2.2,2.31,4.34,2.86,4.66,3.44,-0.451,-4.34,5.95,3.2,-0.588,1.19,2.66,4.49,2.07,2.57,1.95,1.19
Switzerland,,,,,,,,,,,4.08,3.2,3.05,1.45,-7.28,-1.4,2.43,0.409,2.49,4.6,1.6,-1.31,0.639,3.01,3.67,1.86,1.59,3.28,4.33,3.67,-0.916,-0.0437,-0.126,1.27,0.481,0.54,2.34,2.99,1.69,3.94,1.31,0.163,0.0396,2.78,3.12,3.99,4.11,2.15,-2.22,3,1.69,1.01,1.85,2.45,1.33,1.72,1.8,2.75,0.929
Syria,10.8,24.5,-8.65,9.27,2.3,-7.66,8.26,3.73,18.8,-3.81,9.92,25,-8.55,24.1,19.5,11,-1.27,8.73,3.63,12,9.51,2.12,1.43,-4.07,6.12,-4.95,1.91,13.3,-8.96,7.64,7.9,13.5,5.18,7.65,5.75,4.4,1.8,6.34,-3.55,2.74,5.2,5.9,0.6,6.9,6.2,5,5.7,,,,,,,,,,,,
Tajikistan,,,,,,,,,,,,,,,,,,,,,,,,,,3.5,-1.2,13.9,-6.5,-0.6,-7.1,-29,-16.4,-21.3,-12.4,-16.7,1.68,5.31,3.7,8.32,9.58,10.8,10.9,10.4,6.64,7.05,7.76,7.91,3.89,6.52,7.4,7.49,7.4,6.71,6.01,6.87,7.62,7.3,7.01
Tanzania,,,,,,,,,,,,,,,,,,,,,,,,,,,,,3.76,7.05,2.07,0.584,1.21,1.57,3.57,4.54,3.53,3.71,4.86,4.52,6.07,7.09,6.67,7.5,7.48,6.53,6.77,5.69,5.27,6.34,7.67,4.5,6.78,6.73,6.16,6.87,6.79,5.44,5.79
Thailand,5.36,7.55,8,6.83,8.18,11.1,8.62,8.12,6.55,11.4,4.9,4.28,10.2,4.47,4.97,9.33,9.84,10.3,5.37,5.17,5.91,5.35,5.58,5.75,4.65,5.53,9.52,13.3,12.2,11.2,8.56,8.08,8.25,8,8.12,5.65,-2.75,-7.63,4.57,4.46,3.44,6.15,7.19,6.29,4.19,4.97,5.44,1.73,-0.691,7.51,0.84,7.24,2.69,0.984,3.13,3.43,4.07,4.15,2.37
Timor-Leste,,,,,,,,,,,,,,,,,,,,,,,,,,,,,,,,,,,,,,,,,16.3,-6.7,-2.18,0.4,3.02,-4.11,10.2,11.3,9.99,9.46,5.81,6.02,2.12,4.45,3.06,3.55,-3.8,-0.78,3.41
Togo,12.2,3.77,5,14.3,15.5,9.41,5.5,5.02,10.8,2.52,0,7.63,3.84,4.83,2.44,-2.05,6.96,11,-5.17,14.6,-3.32,-3.58,-5.41,5.56,5.56,1.59,0.51,6.64,4.06,-0.244,-0.7,-3.98,-15.1,15,7.85,8.84,14.4,-2.3,2.48,-0.783,0.823,3.83,6.72,-0.979,-4.67,2.65,-1.18,4.06,5.54,6.1,6.4,6.54,6.11,5.92,5.74,5.56,4.36,4.91,5.31
Tonga,,,,,,,,,,,,,,,,,,,,,,4.74,1.98,1.74,6.56,2.12,2.99,-1.88,0.39,-2.04,6.41,0.252,3.74,4.95,3.71,0.0102,-0.132,2.72,3.88,3.37,3.6,3.42,2.11,-0.351,1.58,-0.812,-4.17,3.1,2.29,3.59,2.79,0.89,-3.12,2.07,3.71,3.38,2.7,0.3,
Trinidad and Tobago,14,2.74,5.6,7.63,0.694,4.06,2.04,5.22,2.73,3.53,1.04,5.78,1.66,3.81,1.48,6.41,9.12,10,3.6,10.4,4.58,3.8,-10.3,-5.75,-4.12,-3.28,-4.56,-3.92,-0.83,1.51,3.11,10.1,-0.669,3.57,3.81,7.13,7.52,8.12,8.02,6.9,4.17,7.94,14.4,7.95,6.21,13.2,4.75,3.39,-4.39,3.32,-0.294,1.27,2.23,-0.913,1.82,-6.3,-2.31,-0.245,-0.00237
Tunisia,,,,,,3.45,0.162,10.4,4.75,4.67,10.6,17.7,-0.655,8.07,7.16,7.88,3.41,6.44,6.57,7.42,5.51,-0.494,4.68,5.75,5.65,-1.45,6.7,0.0722,1.75,7.95,3.9,7.81,2.19,3.18,2.35,7.15,5.44,4.78,6.05,4.71,3.8,1.32,4.7,6.24,3.49,5.24,6.71,4.24,3.04,3.51,-1.92,4,2.88,2.97,1.19,1.16,1.92,2.66,1.04
Turkey,1.16,5.57,9.07,5.46,2.82,11.2,4.73,6.78,4.08,3.23,5.57,7.43,3.26,5.59,7.17,10.5,3.41,1.5,-0.624,-2.45,4.86,3.56,4.97,6.71,4.24,7.01,9.49,2.32,0.29,9.27,0.72,5.04,7.65,-4.67,7.88,7.38,7.58,2.31,-3.39,6.64,-5.96,6.43,5.61,9.64,9.01,7.11,5.03,0.845,-4.7,8.49,11.1,4.79,8.49,5.17,6.09,3.18,7.47,2.83,0.877
Turkmenistan,,,,,,,,,,,,,,,,,,,,,,,,,,,,11,-4.26,35.4,-4.61,-15,1.5,-17.3,-7.2,6.7,-11.4,7.1,16.5,5.47,4.34,0.257,3.27,5,13,11,11.1,14.7,6.1,9.2,14.7,11.1,10.2,10.3,6.5,6.2,6.5,6.2,
Tuvalu,,,,,,,,,,,,,,,,,,,,,,,,,,,,,,,3.61,2.79,4.11,10.3,-5,-5.96,10,15.5,-1.56,-0.971,1.63,7.89,-3.33,-1.35,-3.78,2.14,6.35,7.98,-4.43,-2.73,7.52,-3.84,4.58,1.35,9.14,3.03,4.09,2.5,9.76
Uganda,,,,,,,,,,,,,,,,,,,,,,,5.74,-0.345,-3.31,0.39,3.96,8.27,6.36,6.47,5.55,3.42,8.33,6.4,11.5,9.07,5.1,4.91,8.05,3.14,5.18,8.73,6.47,6.81,6.33,10.8,8.41,8.71,6.8,5.64,9.39,3.84,3.59,5.11,5.19,4.78,3.9,6.16,6.51
Ukraine,,,,,,,,,,,,,,,,,,,,,,,,,,,,2.57,3.87,-6.35,-8.41,-9.7,-14.2,-22.9,-12.2,-10,-3,-1.9,-0.2,5.9,9.2,5.25,9.52,12.1,3,7.44,7.59,2.3,-14.8,3.83,5.47,0.239,-0.0267,-6.55,-9.77,2.24,2.47,3.41,3.23
United Arab Emirates,,,,,,,,,,,,,,,,16.5,21.4,-1.59,20.9,23.9,4.66,-6.72,-4.75,4.02,-3.59,-15,3.38,-2.62,12.3,18.3,0.86,3.34,1.26,6.9,6.69,5.8,8.19,0.292,2.9,10.9,1.4,2.43,8.8,9.57,4.86,9.84,3.18,3.19,-5.24,1.6,6.93,4.48,5.05,4.28,5.11,3.06,2.37,1.19,1.68
United Kingdom,2.68,1.1,4.87,5.53,2.14,1.57,2.79,5.44,1.92,3.77,3.5,4.32,6.52,-2.48,-1.47,2.91,2.46,4.2,3.75,-2.03,-0.788,1.99,4.22,2.27,4.15,3.15,5.39,5.73,2.58,0.734,-1.1,0.401,2.49,3.85,2.53,2.49,3.85,3.64,3.43,3.44,2.97,2.32,3.29,2.37,3.18,2.79,2.43,-0.281,-4.25,1.95,1.54,1.48,2.14,2.61,2.36,1.92,1.89,1.34,1.41
United States,2.3,6.1,4.4,5.8,6.4,6.5,2.5,4.8,3.1,-0.254,3.29,5.26,5.65,-0.541,-0.205,5.39,4.62,5.54,3.17,-0.257,2.54,-1.8,4.58,7.24,4.17,3.46,3.46,4.18,3.67,1.89,-0.108,3.52,2.75,4.03,2.68,3.77,4.45,4.48,4.75,4.13,0.998,1.74,2.86,3.8,3.51,2.85,1.88,-0.137,-2.54,2.56,1.55,2.25,1.84,2.45,2.88,1.57,2.22,2.93,2.33
Uruguay,2.49,-1.57,0.17,2.44,1.05,3.06,-3.66,1.89,5.86,2.33,-0.252,-1.32,0.275,2.9,6.1,3.94,1.46,5.37,6.2,5.84,1.56,-9.76,-10.3,-1.14,1.47,8.81,7.99,1.48,1.1,0.297,3.54,7.93,2.66,7.28,-1.45,5.58,8.55,4.52,-1.94,-1.93,-3.84,-7.73,0.805,5,7.46,4.1,6.54,7.18,4.24,7.8,5.16,3.54,4.64,3.24,0.371,1.69,2.59,1.62,0.222
Uzbekistan,,,,,,,,,,,,,,,,,,,,,,,,,,,,9.14,3.09,1.6,-0.492,-11.2,-2.3,-5.2,-0.9,1.7,5.2,4.3,4.3,3.83,4.16,3.97,4.23,7.45,6.95,7.45,9.47,9.03,8.05,7.6,7.78,7.38,7.58,7.18,7.45,6.09,4.46,5.45,5.56
Vanuatu,,,,,,,,,,,,,,,,,,,,-11.4,4.2,10.7,13.8,9.59,0.984,-0.132,-2.89,-1.71,1.53,11.7,3.14,2.59,0.751,9.06,1.01,2.33,4.91,4.3,0.335,5.92,-3.49,-5.11,4.29,3.98,5.3,8.47,5.17,6.45,3.31,1.63,1.22,1.75,1.97,2.3,0.163,3.47,4.41,2.8,2.91
Venezuela,3.19,8.53,3.9,11.1,4.16,1.51,2.83,7.34,0.706,7.71,1.48,1.28,7.11,2.07,2.9,7.73,6.27,2.35,0.764,-4.42,-0.363,-2.07,-3.76,1.44,0.193,6.51,3.58,5.82,-8.57,6.47,9.73,6.06,0.275,-2.35,3.95,-0.198,6.37,0.294,-5.97,3.69,3.39,-8.86,-7.76,18.3,10.3,9.87,8.75,5.28,-3.2,-1.49,4.18,5.63,1.34,-3.89,,,,,
Vietnam,,,,,,,,,,,,,,,,,,,,,,,,,3.81,2.79,3.58,5.14,7.36,5.1,5.96,8.65,8.07,8.84,9.54,9.34,8.15,5.76,4.77,6.79,6.19,6.32,6.9,7.54,7.55,6.98,7.13,5.66,5.4,6.42,6.24,5.25,5.42,5.98,6.68,6.21,6.81,7.08,7.02
Yemen,,,,,,,,,,,,,,,,,,,,,,,,,,,,,,,6.29,8.21,4,6.72,5.67,4.63,5.23,6.01,3.78,6.18,3.8,3.94,3.75,3.97,5.59,3.17,3.34,3.65,3.87,7.7,-12.7,2.39,4.82,-0.189,-28,-9.38,-5.07,0.753,
Zambia,1.36,-2.49,3.27,12.2,16.6,-5.57,7.92,1.25,-0.437,4.8,-0.086,9.21,-0.962,6.43,-2.27,6.22,-4.56,0.554,-3.02,3.04,6.17,-2.81,-1.97,-0.337,1.62,0.724,2.68,6.28,-1.02,-0.481,-0.0361,-1.73,6.8,-8.63,2.9,6.22,3.81,-0.386,4.65,3.9,5.32,4.51,6.94,7.03,7.24,7.9,8.35,7.77,9.22,10.3,5.56,7.6,5.06,4.7,2.92,3.78,3.5,4.03,1.71
Zimbabwe,6.32,1.43,6.24,-1.11,4.91,1.52,8.37,1.97,12.4,22.6,8.92,8.33,2.6,6.63,-1.93,0.465,-6.86,-2.71,3.3,14.4,12.5,2.63,1.59,-1.91,6.94,2.1,1.15,7.55,5.2,6.99,5.53,-9.02,1.05,9.24,0.158,10.4,2.68,2.89,-0.818,-3.06,1.44,-8.89,-17,-5.81,-5.71,-3.46,-3.65,-17.7,12,19.7,14.2,16.7,1.99,2.38,1.78,0.756,4.7,4.83,-8.1
